20130764,be present
20140038,be present
20140205,be present
20150517,be present
20160017,be present
20160249,be present
20160320,be present
20160388,be present
20160485,be present
20160560,be present
20160878,be present
20160886,None
20170033,be present
20170153,be absent
20170172,None
20170230,be present
20170316,be present
20170354,be present
20170387,be present
20170400,None
20170406,be present
20170488,be present
20170503,be present
20170548,be present
20170751,be present
20170858,be present
20170881,be present
20170886,be present
20170899,be present
20180811,be present
20180886,be present
20180898,be present
20206089,be present
20194655,be present
20203053,be present
20203097,be present
20203313,None
20203612,be present
20205166,be present
